sigma,n_injections,n_recovered,recovery_rate,median_ir_evidence
5.0,61,1,0.01639344262295082,1.1226059047758283
10.0,61,32,0.5245901639344263,2.1437952038457664
20.0,61,61,1.0,2.745855195173729
